{
  "main.py": 1774328952.2918022,
  "tests/test_main.py": 1774323397.7429824,
  "tests/__init__.py": 1774170441.6973786,
  "tests/backtest/test_validator.py": 1774804762.0067647,
  "tests/backtest/test_runner.py": 1774781353.4044673,
  "tests/backtest/__init__.py": 1774781292.4844708,
  "tests/execution/test_paper_trader.py": 1774320935.6929655,
  "tests/strategy/test_regime.py": 1774406161.7244446,
  "tests/strategy/test_quality_filter.py": 1774402386.3580372,
  "tests/strategy/__init__.py": 1774401888.355173,
  "tests/strategy/test_momentum.py": 1774404030.407655,
  "tests/integration/test_full_pipeline_part2.py": 1776045432.8085701,
  "tests/integration/__init__.py": 1776043331.3712068,
  "tests/integration/test_full_pipeline.py": 1776045510.0771053,
  "tests/data/test_fundamentals.py": 1774189425.2547686,
  "tests/data/test_validator.py": 1774323782.5684075,
  "tests/data/test_fetcher.py": 1774180089.815899,
  "tests/data/test_historical_fundamentals.py": 1774436095.0065384,
  "tests/data/test_cleaner.py": 1774187673.8020117,
  "tests/data/__init__.py": 1774170442.0836375,
  "tests/indicators/test_technical.py": 1774359458.2946882,
  "tests/indicators/__init__.py": 1774330526.3479784,
  "tests/agents/test_monitor_agent.py": 1775846359.859391,
  "tests/agents/test_watchlist_agent.py": 1775441868.0804367,
  "tests/agents/test_orchestrator.py": 1776017815.5184948,
  "tests/agents/test_reporter_agent.py": 1775845713.439409,
  "tests/agents/test_screener_agent.py": 1775391172.495696,
  "tests/agents/__init__.py": 1774865082.1548836,
  "tests/agents/test_execution_agent.py": 1775845834.1514127,
  "tests/agents/test_research_agent.py": 1775016088.2119272,
  "tests/agents/test_risk_agent.py": 1775819740.4946437,
  "tests/agents/test_signal_agent.py": 1775368916.475866,
  "tests/utils/test_logger.py": 1775582626.184049,
  "tests/utils/__init__.py": 1774193773.2630491,
  "tests/utils/test_notifier.py": 1775582232.3634677,
  "tests/config/test_settings.py": 1774177693.5288339,
  "tests/config/__init__.py": 1774177514.6058037,
  "scripts/verify_paper_trader.py": 1774321536.1344864,
  "src/__init__.py": 1774170075.6072197,
  "src/backtest/validator.py": 1774804677.5331497,
  "src/backtest/__init__.py": 1774781019.2204695,
  "src/backtest/runner.py": 1776044053.219937,
  "src/execution/paper_trader.py": 1774321123.8361595,
  "src/execution/__init__.py": 1774320559.4477508,
  "src/strategy/quality_filter.py": 1774401954.1168013,
  "src/strategy/momentum.py": 1774403885.4660153,
  "src/strategy/__init__.py": 1774401888.0848129,
  "src/strategy/regime.py": 1774406102.9533944,
  "src/data/validator.py": 1774323665.581804,
  "src/data/cleaner.py": 1774187596.1606543,
  "src/data/fetcher.py": 1774179772.8054261,
  "src/data/__init__.py": 1774170075.8887784,
  "src/data/fundamentals.py": 1774459310.7555645,
  "src/indicators/technical.py": 1774359497.866696,
  "src/indicators/__init__.py": 1774330526.1303957,
  "src/agents/screener_agent.py": 1775390907.9399362,
  "src/agents/execution_agent.py": 1775844995.9753764,
  "src/agents/signal_agent.py": 1775388636.292026,
  "src/agents/risk_agent.py": 1775819639.122151,
  "src/agents/research_agent.py": 1775819648.0482433,
  "src/agents/orchestrator.py": 1776043321.779611,
  "src/agents/watchlist_agent.py": 1775408692.809362,
  "src/agents/__init__.py": 1774865081.6721184,
  "src/agents/reporter_agent.py": 1775845064.2708373,
  "src/agents/monitor_agent.py": 1775846474.7193894,
  "src/utils/notifier.py": 1775407210.4009879,
  "src/utils/logger.py": 1774193705.3809953,
  "src/utils/__init__.py": 1774193655.8087864,
  "src/config/settings.py": 1775014492.6221457,
  "src/config/__init__.py": 1774174593.048872,
  "dashboard/server.py": 1775819973.566888,
  "README.md": 1773911534.6985424,
  "CLAUDE.md": 1776523224.4482596,
  "docs/WALKFORWARD_RESULTS.md": 1776139772.1939464,
  "docs/DECISIONS.md": 1776018259.5390937,
  "docs/INTERVIEW_PREP.md": 1775660670.962557,
  "docs/BACKTEST_AUDIT.md": 1776043400.9201472,
  "docs/connections.md": 1776018183.2630157,
  "docs/SYSTEM.md": 1776018224.262219,
  "docs/context/current-state.md": 1776018241.035986,
  "docs/context/decisions-log.md": 1776018251.98596,
  "docs/context/db-schema.md": 1775846803.203373,
  "docs/context/interfaces.md": 1776043334.508606,
  "docs/specs/2026-04-01-research-agent-tavily.md": 1775014392.8408258,
  "docs/specs/2026-03-29-backtest-validator.md": 1774781856.8404539,
  "docs/specs/2026-04-10-monitor-agent.md": 1775820002.1515584,
  "docs/specs/2026-03-22-logger.md": 1774193625.162122,
  "docs/specs/2026-04-09-risk-agent.md": 1775705057.977437,
  "docs/specs/2026-04-10-orchestrator.md": 1775847007.1193824,
  "docs/specs/2026-03-22-fundamentals.md": 1774188431.936579,
  "docs/specs/2026-03-24-quality-filter.md": 1774368993.1475186,
  "docs/specs/2026-04-05-signal-agent.md": 1775367515.5546172,
  "docs/specs/2026-03-25-backtest-runner.md": 1774780654.9903245,
  "docs/specs/2026-03-25-momentum.md": 1774402335.0820796,
  "docs/specs/2026-03-24-paper-trader.md": 1774319721.0598168,
  "docs/specs/2026-03-22-settings.md": 1774173689.2393293,
  "docs/specs/2026-04-10-execution-agent.md": 1775844803.5713716,
  "docs/specs/2026-03-22-notifier.md": 1774198084.0589821,
  "docs/specs/2026-03-30-research-agent.md": 1774863129.03944,
  "docs/specs/2026-03-22-validator.md": 1774168855.8646188,
  "docs/specs/2026-04-10-dashboard.md": 1775817973.1024926,
  "docs/specs/2026-04-05-screener-agent.md": 1775390789.5175517,
  "docs/specs/2026-04-05-watchlist-agent.md": 1775408305.22099,
  "docs/specs/2026-03-25-historical-fundamentals.md": 1774435725.9626377,
  "docs/specs/2026-03-25-regime.md": 1774406054.6630726,
  "docs/specs/2026-04-10-reporter-agent.md": 1775844835.471375,
  "docs/specs/2026-03-24-technical-indicators.md": 1774329839.3081245,
  "docs/specs/2026-04-10-constraint-audit.md": 1775818084.6268861,
  "docs/specs/2026-03-24-main.md": 1774322510.1600287,
  "docs/specs/2026-03-22-fetcher.md": 1774179651.644655,
  "docs/specs/2026-03-22-cleaner.md": 1774180652.7793658,
  "reports/2026-04-14.md": 1776017715.8822477,
  "reports/backtest_eval_2026-04-14_034151.md": 1776138111.286156,
  "reports/backtest_eval_2026-04-14_034144.md": 1776138104.6914103,
  "graphify-out/GRAPH_REPORT.md": 1776537044.8738635
}